Frames in Alt1:,2000
Frames in Alt5:,400
Frames in Alt10:,200
Frames in Alt15:,133
Frames in Alt20:,100
Interaction,,Alt1,,,Alt5,,,Alt10,,,Alt15,,,Alt20,,
,Freq,RelFreq,Diff,Freq,RelFreq,Diff,Freq,RelFreq,Diff,Freq,RelFreq,Diff,Freq,RelFreq,Diff
207.107-MC.VdWClash,5,0.0025,0.0,1,0.0025,0.0,0,0.0,-0.0025,0,0.0,-0.0025,0,0.0,-0.0025
207.107-MC.HBonding,7,0.0035,0.0,1,0.0025,-0.001,0,0.0,-0.0035,0,0.0,-0.0035,0,0.0,-0.0035
207.107-MC.Polar,6,0.003,0.0,1,0.0025,-0.0005,0,0.0,-0.003,0,0.0,-0.003,0,0.0,-0.003
207.108-SC.VdWClash,260,0.13,0.0,51,0.1275,-0.0025000000000000022,27,0.135,0.0050000000000000044,18,0.13533834586466165,0.005338345864661642,15,0.15,0.01999999999999999
207.108-SC.Hydrophobic,1941,0.9705,0.0,386,0.965,-0.00550000000000006,193,0.965,-0.00550000000000006,129,0.9699248120300752,-0.0005751879699248397,98,0.98,0.009499999999999953
207.108-SC.weakPolar,1061,0.5305,0.0,217,0.5425,0.01200000000000001,103,0.515,-0.015499999999999958,68,0.5112781954887218,-0.019221804511278195,48,0.48,-0.05049999999999999
208.168-MC.HBonding,1996,0.998,0.0,400,1.0,0.0020000000000000018,200,1.0,0.0020000000000000018,133,1.0,0.0020000000000000018,100,1.0,0.0020000000000000018
208.168-MC.Polar,1988,0.994,0.0,399,0.9975,0.0035000000000000586,199,0.995,0.0010000000000000009,132,0.9924812030075187,-0.0015187969924812528,100,1.0,0.006000000000000005
207.108-MC.VdW,1,0.0005,0.0,0,0.0,-0.0005,0,0.0,-0.0005,0,0.0,-0.0005,0,0.0,-0.0005
207.108-MC.HBonding,3,0.0015,0.0,1,0.0025,0.001,0,0.0,-0.0015,0,0.0,-0.0015,0,0.0,-0.0015
207.108-MC.Polar,3,0.0015,0.0,1,0.0025,0.001,0,0.0,-0.0015,0,0.0,-0.0015,0,0.0,-0.0015
207.139-SC.Hydrophobic,1297,0.6485,0.0,257,0.6425,-0.006000000000000005,121,0.605,-0.04349999999999998,85,0.6390977443609023,-0.00940225563909769,63,0.63,-0.01849999999999996
207.170-SC.Hydrophobic,1909,0.9545,0.0,385,0.9625,0.008000000000000007,192,0.96,0.005499999999999949,127,0.9548872180451128,0.00038721804511276936,96,0.96,0.005499999999999949
207.142-SC.HBonding,130,0.065,0.0,24,0.06,-0.0050000000000000044,9,0.045,-0.020000000000000004,6,0.045112781954887216,-0.019887218045112787,4,0.04,-0.025
207.142-SC.weakHBonding,878,0.439,0.0,173,0.4325,-0.006500000000000006,75,0.375,-0.064,63,0.47368421052631576,0.03468421052631576,40,0.4,-0.03899999999999998
207.167-SC.Hydrophobic,88,0.044,0.0,15,0.0375,-0.006499999999999999,10,0.05,0.006000000000000005,5,0.03759398496240601,-0.0064060150375939845,4,0.04,-0.003999999999999997
207.168-MC.weakHBonding,676,0.338,0.0,144,0.36,0.021999999999999964,70,0.35,0.011999999999999955,53,0.39849624060150374,0.060496240601503715,33,0.33,-0.008000000000000007
207.168-MC.weakPolar,445,0.2225,0.0,92,0.23,0.007500000000000007,51,0.255,0.0325,39,0.2932330827067669,0.0707330827067669,30,0.3,0.07749999999999999
205.110-SC.Polar,33,0.0165,0.0,5,0.0125,-0.004,3,0.015,-0.0015000000000000013,0,0.0,-0.0165,2,0.02,0.0034999999999999996
206.152-SC.VdWClash,1904,0.952,0.0,385,0.9625,0.010500000000000065,192,0.96,0.008000000000000007,128,0.9624060150375939,0.010406015037593974,96,0.96,0.008000000000000007
206.152-SC.weakPolar,1949,0.9745,0.0,390,0.975,0.0004999999999999449,194,0.97,-0.0045000000000000595,128,0.9624060150375939,-0.012093984962406101,97,0.97,-0.0045000000000000595
211.152-SC.Covalent,2000,1.0,0.0,400,1.0,0.0,200,1.0,0.0,133,1.0,0.0,100,1.0,0.0
211.152-SC.VdWClash,2000,1.0,0.0,400,1.0,0.0,200,1.0,0.0,133,1.0,0.0,100,1.0,0.0
211.152-SC.Metal,2000,1.0,0.0,400,1.0,0.0,200,1.0,0.0,133,1.0,0.0,100,1.0,0.0
212.146-SC.VdWClash,1936,0.968,0.0,388,0.97,0.0020000000000000018,194,0.97,0.0020000000000000018,131,0.9849624060150376,0.016962406015037623,99,0.99,0.02200000000000002
212.146-SC.weakPolar,1990,0.995,0.0,399,0.9975,0.0025000000000000577,199,0.995,0.0,132,0.9924812030075187,-0.0025187969924812537,99,0.99,-0.0050000000000000044
212.142-SC.VdWClash,1991,0.9955,0.0,397,0.9925,-0.0030000000000000027,198,0.99,-0.00550000000000006,132,0.9924812030075187,-0.0030187969924813096,98,0.98,-0.01550000000000007
212.142-SC.weakPolar,2000,1.0,0.0,400,1.0,0.0,200,1.0,0.0,133,1.0,0.0,100,1.0,0.0
211.146-SC.Covalent,2000,1.0,0.0,400,1.0,0.0,200,1.0,0.0,133,1.0,0.0,100,1.0,0.0
211.146-SC.VdWClash,2000,1.0,0.0,400,1.0,0.0,200,1.0,0.0,133,1.0,0.0,100,1.0,0.0
211.146-SC.Metal,2000,1.0,0.0,400,1.0,0.0,200,1.0,0.0,133,1.0,0.0,100,1.0,0.0
211.142-SC.Covalent,2000,1.0,0.0,400,1.0,0.0,200,1.0,0.0,133,1.0,0.0,100,1.0,0.0
211.142-SC.VdWClash,2000,1.0,0.0,400,1.0,0.0,200,1.0,0.0,133,1.0,0.0,100,1.0,0.0
211.142-SC.Metal,2000,1.0,0.0,400,1.0,0.0,200,1.0,0.0,133,1.0,0.0,100,1.0,0.0
212.204-SC.VdWClash,1,0.0005,0.0,0,0.0,-0.0005,0,0.0,-0.0005,0,0.0,-0.0005,0,0.0,-0.0005
212.204-SC.HBonding,9,0.0045,0.0,1,0.0025,-0.0019999999999999996,0,0.0,-0.0045,0,0.0,-0.0045,0,0.0,-0.0045
212.204-SC.Polar,22,0.011,0.0,6,0.015,0.004,1,0.005,-0.005999999999999999,0,0.0,-0.011,1,0.01,-0.0009999999999999992
206.107-SC.weakHBonding,1274,0.637,0.0,252,0.63,-0.007000000000000006,128,0.64,0.0030000000000000027,87,0.6541353383458647,0.01713533834586467,68,0.68,0.04300000000000004
206.107-SC.Hydrophobic,51,0.0255,0.0,8,0.02,-0.005499999999999998,5,0.025,-0.000499999999999997,0,0.0,-0.0255,2,0.02,-0.005499999999999998
206.109-MC.VdWClash,471,0.2355,0.0,89,0.2225,-0.012999999999999984,43,0.215,-0.02049999999999999,31,0.23308270676691728,-0.002417293233082707,29,0.29,0.05449999999999999
206.109-MC.weakPolar,500,0.25,0.0,93,0.2325,-0.017499999999999988,45,0.225,-0.024999999999999994,39,0.2932330827067669,0.0432330827067669,25,0.25,0.0
207.167-MC.VdWClash,84,0.042,0.0,14,0.035,-0.006999999999999999,8,0.04,-0.0020000000000000018,5,0.03759398496240601,-0.00440601503759399,5,0.05,0.008
207.167-MC.weakPolar,555,0.2775,0.0,108,0.27,-0.007500000000000007,55,0.275,-0.0025000000000000022,42,0.3157894736842105,0.038289473684210484,26,0.26,-0.017500000000000016
212.143-SC.VdWClash,1914,0.957,0.0,381,0.9525,-0.0044999999999999485,190,0.95,-0.007000000000000006,127,0.9548872180451128,-0.0021127819548871773,98,0.98,0.02300000000000002
212.143-SC.VdW,288,0.144,0.0,60,0.15,0.006000000000000005,29,0.145,0.0010000000000000009,20,0.15037593984962405,0.006375939849624063,15,0.15,0.006000000000000005
212.143-SC.Polar,1998,0.999,0.0,399,0.9975,-0.0014999999999999458,199,0.995,-0.0040000000000000036,133,1.0,0.0010000000000000009,100,1.0,0.0010000000000000009
207.208-MC.VdW,11,0.0055,0.0,4,0.01,0.0045000000000000005,1,0.005,-0.0004999999999999996,3,0.022556390977443608,0.01705639097744361,0,0.0,-0.0055
207.208-MC.Polar,231,0.1155,0.0,42,0.105,-0.01050000000000001,19,0.095,-0.020500000000000004,19,0.14285714285714285,0.027357142857142844,11,0.11,-0.005500000000000005
206.109-MC.Polar,643,0.3215,0.0,116,0.29,-0.03150000000000003,64,0.32,-0.0015000000000000013,42,0.3157894736842105,-0.005710526315789499,41,0.41,0.08849999999999997
206.107-SC.VdWClash,109,0.0545,0.0,19,0.0475,-0.006999999999999999,10,0.05,-0.004499999999999997,8,0.06015037593984962,0.005650375939849621,5,0.05,-0.004499999999999997
206.107-SC.VdW,136,0.068,0.0,24,0.06,-0.008000000000000007,10,0.05,-0.018000000000000002,6,0.045112781954887216,-0.02288721804511279,5,0.05,-0.018000000000000002
206.107-SC.weakPolar,99,0.0495,0.0,18,0.045,-0.004500000000000004,9,0.045,-0.004500000000000004,8,0.06015037593984962,0.010650375939849618,5,0.05,0.0005000000000000004
207.142-SC.Hydrophobic,1861,0.9305,0.0,371,0.9275,-0.0030000000000000027,186,0.93,-0.0004999999999999449,130,0.9774436090225563,0.04694360902255634,94,0.94,0.009499999999999953
207.139-SC.weakHBonding,26,0.013,0.0,1,0.0025,-0.010499999999999999,1,0.005,-0.008,0,0.0,-0.013,0,0.0,-0.013
208.168-MC.VdW,153,0.0765,0.0,26,0.065,-0.011499999999999996,9,0.045,-0.0315,6,0.045112781954887216,-0.03138721804511278,4,0.04,-0.0365
207.169-MC.weakHBonding,227,0.1135,0.0,40,0.1,-0.013499999999999998,22,0.11,-0.003500000000000003,16,0.12030075187969924,0.006800751879699238,9,0.09,-0.023500000000000007
206.109-MC.HBonding,444,0.222,0.0,87,0.2175,-0.004500000000000004,38,0.19,-0.032,30,0.22556390977443608,0.003563909774436075,26,0.26,0.038000000000000006
206.108-MC.VdW,11,0.0055,0.0,3,0.0075,0.002,2,0.01,0.0045000000000000005,1,0.007518796992481203,0.002018796992481203,1,0.01,0.0045000000000000005
206.108-MC.HBonding,174,0.087,0.0,36,0.09,0.0030000000000000027,17,0.085,-0.001999999999999988,14,0.10526315789473684,0.018263157894736842,8,0.08,-0.006999999999999992
206.108-MC.Polar,28,0.014,0.0,6,0.015,0.0009999999999999992,3,0.015,0.0009999999999999992,1,0.007518796992481203,-0.006481203007518798,2,0.02,0.006
207.165-MC.weakHBonding,97,0.0485,0.0,18,0.045,-0.003500000000000003,7,0.035,-0.013499999999999998,10,0.07518796992481203,0.026687969924812024,1,0.01,-0.0385
207.142-SC.Polar,101,0.0505,0.0,26,0.065,0.014499999999999999,10,0.05,-0.0005000000000000004,5,0.03759398496240601,-0.01290601503759399,5,0.05,-0.0005000000000000004
207.108-SC.weakHBonding,543,0.2715,0.0,103,0.2575,-0.014000000000000012,60,0.3,0.02849999999999997,31,0.23308270676691728,-0.03841729323308274,29,0.29,0.01849999999999996
207.168-MC.Polar,1617,0.8085,0.0,328,0.82,0.011499999999999955,165,0.825,0.01649999999999996,115,0.8646616541353384,0.05616165413533836,79,0.79,-0.01849999999999996
207.138-SC.Hydrophobic,429,0.2145,0.0,100,0.25,0.035500000000000004,52,0.26,0.04550000000000001,28,0.21052631578947367,-0.003973684210526324,26,0.26,0.04550000000000001
207.108-SC.VdW,348,0.174,0.0,64,0.16,-0.013999999999999985,29,0.145,-0.028999999999999998,18,0.13533834586466165,-0.03866165413533834,12,0.12,-0.05399999999999999
207.168-MC.VdW,388,0.194,0.0,86,0.215,0.02099999999999999,44,0.22,0.025999999999999995,30,0.22556390977443608,0.03156390977443607,19,0.19,-0.0040000000000000036
207.168-MC.HBonding,664,0.332,0.0,131,0.3275,-0.004500000000000004,65,0.325,-0.007000000000000006,48,0.3609022556390977,0.028902255639097707,33,0.33,-0.0020000000000000018
206.110-SC.weakHBonding,84,0.042,0.0,15,0.0375,-0.004500000000000004,8,0.04,-0.0020000000000000018,4,0.03007518796992481,-0.011924812030075192,4,0.04,-0.0020000000000000018
207.139-SC.VdWClash,1,0.0005,0.0,0,0.0,-0.0005,0,0.0,-0.0005,0,0.0,-0.0005,0,0.0,-0.0005
207.139-SC.weakPolar,35,0.0175,0.0,4,0.01,-0.0075000000000000015,3,0.015,-0.0025000000000000022,0,0.0,-0.0175,1,0.01,-0.0075000000000000015
206.143-SC.weakPolar,57,0.0285,0.0,12,0.03,0.0014999999999999979,5,0.025,-0.0034999999999999996,3,0.022556390977443608,-0.005943609022556393,3,0.03,0.0014999999999999979
206.107-MC.HBonding,191,0.0955,0.0,41,0.1025,0.006999999999999992,20,0.1,0.004500000000000004,20,0.15037593984962405,0.05487593984962405,9,0.09,-0.005500000000000005
207.167-MC.HBonding,21,0.0105,0.0,6,0.015,0.004499999999999999,5,0.025,0.0145,1,0.007518796992481203,-0.002981203007518798,2,0.02,0.0095
207.167-MC.Polar,4,0.002,0.0,0,0.0,-0.002,0,0.0,-0.002,0,0.0,-0.002,0,0.0,-0.002
206.142-SC.VdWClash,6,0.003,0.0,1,0.0025,-0.0005,1,0.005,0.002,0,0.0,-0.003,0,0.0,-0.003
206.142-SC.weakPolar,7,0.0035,0.0,0,0.0,-0.0035,0,0.0,-0.0035,0,0.0,-0.0035,0,0.0,-0.0035
206.107-SC.HBonding,6,0.003,0.0,2,0.005,0.002,1,0.005,0.002,1,0.007518796992481203,0.0045187969924812025,0,0.0,-0.003
206.107-SC.Polar,53,0.0265,0.0,12,0.03,0.0034999999999999996,7,0.035,0.008500000000000004,2,0.015037593984962405,-0.011462406015037594,2,0.02,-0.006499999999999999
206.107-MC.VdWClash,24,0.012,0.0,9,0.0225,0.010499999999999999,2,0.01,-0.002,3,0.022556390977443608,0.010556390977443608,0,0.0,-0.012
206.107-MC.Polar,69,0.0345,0.0,17,0.0425,0.008,7,0.035,0.0005000000000000004,6,0.045112781954887216,0.010612781954887213,4,0.04,0.005499999999999998
206.109-MC.weakHBonding,223,0.1115,0.0,45,0.1125,0.0010000000000000009,22,0.11,-0.0015000000000000013,17,0.12781954887218044,0.016319548872180442,10,0.1,-0.011499999999999996
212.204-SC.weakHBonding,97,0.0485,0.0,21,0.0525,0.003999999999999997,9,0.045,-0.003500000000000003,8,0.06015037593984962,0.01165037593984962,5,0.05,0.0015000000000000013
208.168-MC.VdWClash,1688,0.844,0.0,342,0.855,0.01100000000000001,178,0.89,0.04600000000000004,116,0.8721804511278195,0.028180451127819528,89,0.89,0.04600000000000004
206.168-MC.weakPolar,65,0.0325,0.0,12,0.03,-0.0025000000000000022,8,0.04,0.0075,1,0.007518796992481203,-0.0249812030075188,4,0.04,0.0075
212.204-SC.weakPolar,15,0.0075,0.0,2,0.005,-0.0024999999999999996,0,0.0,-0.0075,2,0.015037593984962405,0.0075375939849624055,0,0.0,-0.0075
207.168-MC.VdWClash,454,0.227,0.0,90,0.225,-0.0020000000000000018,53,0.265,0.038000000000000006,35,0.2631578947368421,0.03615789473684208,27,0.27,0.04300000000000001
207.143-SC.Polar,2,0.001,0.0,1,0.0025,0.0015,0,0.0,-0.001,0,0.0,-0.001,0,0.0,-0.001
205.110-SC.weakHBonding,20,0.01,0.0,7,0.0175,0.0075000000000000015,4,0.02,0.01,3,0.022556390977443608,0.012556390977443608,1,0.01,0.0
212.142-SC.VdW,84,0.042,0.0,26,0.065,0.023,14,0.07,0.028000000000000004,8,0.06015037593984962,0.018150375939849618,9,0.09,0.047999999999999994
207.142-SC.VdW,363,0.1815,0.0,79,0.1975,0.016000000000000014,36,0.18,-0.0015000000000000013,30,0.22556390977443608,0.04406390977443608,14,0.14,-0.04149999999999998
206.109-MC.VdW,206,0.103,0.0,43,0.1075,0.004500000000000004,25,0.125,0.022000000000000006,19,0.14285714285714285,0.039857142857142855,15,0.15,0.047
205.110-SC.VdWClash,19,0.0095,0.0,4,0.01,0.0005000000000000004,1,0.005,-0.0045,0,0.0,-0.0095,0,0.0,-0.0095
205.110-SC.weakPolar,6,0.003,0.0,1,0.0025,-0.0005,1,0.005,0.002,0,0.0,-0.003,1,0.01,0.007
206.152-SC.VdW,336,0.168,0.0,62,0.155,-0.013000000000000012,32,0.16,-0.008000000000000007,22,0.16541353383458646,-0.0025864661654135535,18,0.18,0.011999999999999983
207.167-MC.weakHBonding,541,0.2705,0.0,115,0.2875,0.01699999999999996,56,0.28,0.009500000000000008,39,0.2932330827067669,0.022733082706766883,30,0.3,0.02949999999999997
207.107-SC.weakHBonding,2,0.001,0.0,0,0.0,-0.001,0,0.0,-0.001,0,0.0,-0.001,0,0.0,-0.001
207.107-SC.weakPolar,2,0.001,0.0,0,0.0,-0.001,0,0.0,-0.001,0,0.0,-0.001,0,0.0,-0.001
207.107-MC.Carbonyl,1,0.0005,0.0,0,0.0,-0.0005,0,0.0,-0.0005,0,0.0,-0.0005,0,0.0,-0.0005
207.109-MC.HBonding,2,0.001,0.0,0,0.0,-0.001,0,0.0,-0.001,0,0.0,-0.001,0,0.0,-0.001
207.109-MC.Polar,2,0.001,0.0,0,0.0,-0.001,0,0.0,-0.001,0,0.0,-0.001,0,0.0,-0.001
207.143-SC.VdW,6,0.003,0.0,1,0.0025,-0.0005,1,0.005,0.002,0,0.0,-0.003,1,0.01,0.007
207.143-SC.HBonding,2,0.001,0.0,0,0.0,-0.001,0,0.0,-0.001,0,0.0,-0.001,0,0.0,-0.001
207.142-SC.VdWClash,180,0.09,0.0,32,0.08,-0.009999999999999995,12,0.06,-0.03,14,0.10526315789473684,0.01526315789473684,6,0.06,-0.03
205.110-SC.VdW,33,0.0165,0.0,7,0.0175,0.0010000000000000009,3,0.015,-0.0015000000000000013,0,0.0,-0.0165,2,0.02,0.0034999999999999996
207.107-MC.VdW,1,0.0005,0.0,0,0.0,-0.0005,0,0.0,-0.0005,0,0.0,-0.0005,0,0.0,-0.0005
207.109-MC.VdWClash,1,0.0005,0.0,0,0.0,-0.0005,0,0.0,-0.0005,0,0.0,-0.0005,0,0.0,-0.0005
207.142-SC.weakPolar,294,0.147,0.0,62,0.155,0.008000000000000007,27,0.135,-0.011999999999999983,19,0.14285714285714285,-0.004142857142857143,16,0.16,0.013000000000000012
206.143-SC.VdW,11,0.0055,0.0,4,0.01,0.0045000000000000005,1,0.005,-0.0004999999999999996,0,0.0,-0.0055,0,0.0,-0.0055
207.165-MC.weakPolar,13,0.0065,0.0,3,0.0075,0.001,1,0.005,-0.0014999999999999996,1,0.007518796992481203,0.0010187969924812029,0,0.0,-0.0065
207.208-MC.HBonding,4,0.002,0.0,1,0.0025,0.0005,1,0.005,0.003,1,0.007518796992481203,0.0055187969924812025,1,0.01,0.008
207.143-SC.weakHBonding,30,0.015,0.0,8,0.02,0.005000000000000001,5,0.025,0.010000000000000002,1,0.007518796992481203,-0.007481203007518797,4,0.04,0.025
206.110-SC.VdW,189,0.0945,0.0,28,0.07,-0.024499999999999994,14,0.07,-0.024499999999999994,11,0.08270676691729323,-0.011793233082706772,9,0.09,-0.004500000000000004
206.142-SC.VdW,32,0.016,0.0,6,0.015,-0.0010000000000000009,3,0.015,-0.0010000000000000009,2,0.015037593984962405,-0.0009624060150375952,2,0.02,0.004
212.146-SC.VdW,421,0.2105,0.0,89,0.2225,0.01200000000000001,44,0.22,0.009500000000000008,33,0.24812030075187969,0.03762030075187969,22,0.22,0.009500000000000008
206.107-MC.VdW,25,0.0125,0.0,4,0.01,-0.0025000000000000005,2,0.01,-0.0025000000000000005,1,0.007518796992481203,-0.004981203007518798,1,0.01,-0.0025000000000000005
206.108-MC.VdWClash,10,0.005,0.0,3,0.0075,0.0024999999999999996,1,0.005,0.0,0,0.0,-0.005,1,0.01,0.005
206.108-SC.Hydrophobic,298,0.149,0.0,54,0.135,-0.013999999999999985,25,0.125,-0.023999999999999994,23,0.17293233082706766,0.023932330827067666,14,0.14,-0.00899999999999998
207.167-MC.VdW,119,0.0595,0.0,27,0.0675,0.008000000000000007,16,0.08,0.020500000000000004,12,0.09022556390977443,0.030725563909774434,6,0.06,0.0005000000000000004
205.143-SC.Polar,20,0.01,0.0,2,0.005,-0.005,0,0.0,-0.01,1,0.007518796992481203,-0.0024812030075187976,0,0.0,-0.01
206.108-SC.VdWClash,5,0.0025,0.0,1,0.0025,0.0,0,0.0,-0.0025,0,0.0,-0.0025,0,0.0,-0.0025
206.108-SC.weakPolar,5,0.0025,0.0,1,0.0025,0.0,0,0.0,-0.0025,0,0.0,-0.0025,0,0.0,-0.0025
207.139-SC.VdW,9,0.0045,0.0,2,0.005,0.0005000000000000004,1,0.005,0.0005000000000000004,1,0.007518796992481203,0.003018796992481203,0,0.0,-0.0045
206.143-SC.VdWClash,7,0.0035,0.0,1,0.0025,-0.001,1,0.005,0.0015,1,0.007518796992481203,0.004018796992481203,0,0.0,-0.0035
207.168-MC.Carbonyl,281,0.1405,0.0,66,0.165,0.024499999999999994,35,0.175,0.034499999999999975,30,0.22556390977443608,0.08506390977443606,22,0.22,0.07949999999999999
206.143-SC.weakHBonding,70,0.035,0.0,12,0.03,-0.0050000000000000044,3,0.015,-0.020000000000000004,2,0.015037593984962405,-0.019962406015037598,1,0.01,-0.025
207.208-MC.VdWClash,3,0.0015,0.0,1,0.0025,0.001,1,0.005,0.0035,1,0.007518796992481203,0.006018796992481203,1,0.01,0.0085
206.108-SC.weakHBonding,20,0.01,0.0,3,0.0075,-0.0025000000000000005,3,0.015,0.004999999999999999,3,0.022556390977443608,0.012556390977443608,2,0.02,0.01
207.169-MC.weakPolar,87,0.0435,0.0,18,0.045,0.0015000000000000013,8,0.04,-0.003499999999999996,8,0.06015037593984962,0.016650375939849624,3,0.03,-0.013499999999999998
207.209-SC.weakHBonding,43,0.0215,0.0,7,0.0175,-0.003999999999999997,4,0.02,-0.0014999999999999979,3,0.022556390977443608,0.0010563909774436095,2,0.02,-0.0014999999999999979
206.108-SC.VdW,4,0.002,0.0,1,0.0025,0.0005,0,0.0,-0.002,1,0.007518796992481203,0.0055187969924812025,0,0.0,-0.002
207.209-SC.VdW,2,0.001,0.0,1,0.0025,0.0015,0,0.0,-0.001,0,0.0,-0.001,0,0.0,-0.001
207.209-SC.weakPolar,29,0.0145,0.0,5,0.0125,-0.002,4,0.02,0.0055,2,0.015037593984962405,0.0005375939849624044,0,0.0,-0.0145
207.209-SC.VdWClash,3,0.0015,0.0,0,0.0,-0.0015,0,0.0,-0.0015,0,0.0,-0.0015,0,0.0,-0.0015
207.169-MC.VdW,38,0.019,0.0,10,0.025,0.006000000000000002,4,0.02,0.0010000000000000009,5,0.03759398496240601,0.018593984962406013,3,0.03,0.011
207.143-SC.weakPolar,20,0.01,0.0,7,0.0175,0.0075000000000000015,3,0.015,0.004999999999999999,2,0.015037593984962405,0.005037593984962405,1,0.01,0.0
206.110-SC.VdWClash,181,0.0905,0.0,31,0.0775,-0.012999999999999998,13,0.065,-0.025499999999999995,14,0.10526315789473684,0.01476315789473684,11,0.11,0.019500000000000003
206.110-SC.weakPolar,10,0.005,0.0,1,0.0025,-0.0025,1,0.005,0.0,1,0.007518796992481203,0.0025187969924812025,1,0.01,0.005
207.165-MC.VdW,3,0.0015,0.0,1,0.0025,0.001,0,0.0,-0.0015,0,0.0,-0.0015,0,0.0,-0.0015
212.204-SC.VdW,2,0.001,0.0,0,0.0,-0.001,0,0.0,-0.001,0,0.0,-0.001,0,0.0,-0.001
207.170-SC.VdWClash,2,0.001,0.0,2,0.005,0.004,2,0.01,0.009000000000000001,0,0.0,-0.001,1,0.01,0.009000000000000001
206.168-MC.VdW,7,0.0035,0.0,2,0.005,0.0015,1,0.005,0.0015,1,0.007518796992481203,0.004018796992481203,1,0.01,0.006500000000000001
207.169-MC.VdWClash,6,0.003,0.0,0,0.0,-0.003,0,0.0,-0.003,0,0.0,-0.003,0,0.0,-0.003
206.168-MC.VdWClash,1,0.0005,0.0,0,0.0,-0.0005,0,0.0,-0.0005,0,0.0,-0.0005,0,0.0,-0.0005
207.170-SC.VdW,11,0.0055,0.0,5,0.0125,0.007000000000000001,1,0.005,-0.0004999999999999996,2,0.015037593984962405,0.009537593984962405,1,0.01,0.0045000000000000005
205.110-SC.HBonding,19,0.0095,0.0,5,0.0125,0.003000000000000001,2,0.01,0.0005000000000000004,0,0.0,-0.0095,1,0.01,0.0005000000000000004
206.110-SC.HBonding,104,0.052,0.0,12,0.03,-0.022,5,0.025,-0.026999999999999996,4,0.03007518796992481,-0.021924812030075187,4,0.04,-0.011999999999999997
206.110-SC.Polar,299,0.1495,0.0,50,0.125,-0.024499999999999994,20,0.1,-0.04949999999999999,19,0.14285714285714285,-0.006642857142857145,14,0.14,-0.00949999999999998
207.143-SC.VdWClash,2,0.001,0.0,1,0.0025,0.0015,1,0.005,0.004,1,0.007518796992481203,0.006518796992481203,0,0.0,-0.001
206.168-SC.Polar,1,0.0005,0.0,0,0.0,-0.0005,0,0.0,-0.0005,0,0.0,-0.0005,0,0.0,-0.0005
207.143-SC.Hydrophobic,1,0.0005,0.0,1,0.0025,0.002,1,0.005,0.0045000000000000005,1,0.007518796992481203,0.007018796992481202,0,0.0,-0.0005
211.143-SC.Ionic,1,0.0005,0.0,0,0.0,-0.0005,0,0.0,-0.0005,0,0.0,-0.0005,0,0.0,-0.0005
207.170-SC.weakHBonding,2,0.001,0.0,0,0.0,-0.001,0,0.0,-0.001,0,0.0,-0.001,0,0.0,-0.001
206.110-SC.Hydrophobic,2,0.001,0.0,0,0.0,-0.001,0,0.0,-0.001,0,0.0,-0.001,0,0.0,-0.001
206.204-MC.HBonding,1,0.0005,0.0,0,0.0,-0.0005,0,0.0,-0.0005,0,0.0,-0.0005,0,0.0,-0.0005
206.214-SC.VdW,3,0.0015,0.0,2,0.005,0.0035,1,0.005,0.0035,2,0.015037593984962405,0.013537593984962406,1,0.01,0.0085
206.214-SC.VdWClash,1,0.0005,0.0,0,0.0,-0.0005,0,0.0,-0.0005,0,0.0,-0.0005,0,0.0,-0.0005
